Date,market_ret,breadth,flag_rate,n_tickers,mkt_ret_mean,mkt_ret_std,mkt_ret_z,market_anomaly_flag
2018-04-05,0.012709932388648383,0.8888888888888888,0.0,9,,,,0
2018-04-06,-0.025563992446954224,0.0,0.0,9,,,,1
2018-04-09,0.0028991256496939182,0.8888888888888888,0.0,9,,,,0
2018-04-10,0.030487678599776896,1.0,0.0,9,,,,0
2018-04-11,-0.0047862936658514205,0.1111111111111111,0.0,9,,,,1
2018-04-12,0.014650329729431465,0.8888888888888888,0.0,9,,,,0
2018-04-13,-0.00233825607194777,0.3333333333333333,0.0,9,,,,0
2018-04-16,0.0011465796860183157,0.6666666666666666,0.0,9,,,,0
2018-04-17,0.028687363739843867,0.8888888888888888,0.1111111111111111,9,,,,0
2018-04-18,0.003046186791795481,0.5555555555555556,0.0,9,,,,0
2018-04-19,-0.005365653408772177,0.3333333333333333,0.0,9,,,,0
2018-04-20,-0.017849174720614522,0.0,0.1111111111111111,9,,,,1
2018-04-23,-0.010237319358640338,0.1111111111111111,0.0,9,,,,1
2018-04-24,-0.02062549416549284,0.2222222222222222,0.1111111111111111,9,,,,1
2018-04-25,-0.004278467875094425,0.4444444444444444,0.0,9,,,,0
2018-04-26,0.02456245898569678,1.0,0.0,9,,,,0
2018-04-27,0.005798815218156839,0.5555555555555556,0.1111111111111111,9,,,,0
2018-04-30,-0.006147335998009786,0.2222222222222222,0.0,9,,,,1
2018-05-01,0.016535274320119846,1.0,0.0,9,,,,0
2018-05-02,-0.0019965727218016977,0.3333333333333333,0.1111111111111111,9,,,,0
2018-05-03,-0.0024877823391103015,0.5555555555555556,0.0,9,,,,0
2018-05-04,0.02242074258072578,1.0,0.0,9,,,,0
2018-05-07,0.01625819701410642,1.0,0.0,9,,,,0
2018-05-08,0.0006320873304605698,0.4444444444444444,0.0,9,,,,0
2018-05-09,0.014392595654112487,1.0,0.0,9,,,,0
2018-05-10,0.007913126792425803,0.7777777777777778,0.1111111111111111,9,,,,0
2018-05-11,-0.006921314710611724,0.0,0.1111111111111111,9,,,,1
2018-05-14,-0.0012849946043939076,0.6666666666666666,0.0,9,,,,0
2018-05-15,-0.017014341281135423,0.0,0.0,9,,,,1
2018-05-16,0.00605356026728744,0.8888888888888888,0.0,9,,,,0
2018-05-17,-0.0035602981335376795,0.2222222222222222,0.0,9,,,,1
2018-05-18,-0.009303084859076778,0.1111111111111111,0.0,9,,,,1
2018-05-21,0.011748302939385051,0.8888888888888888,0.0,9,,,,0
2018-05-22,-0.005917803580528711,0.1111111111111111,0.0,9,,,,1
2018-05-23,0.015376856041963767,1.0,0.0,9,,,,0
2018-05-24,-0.0003902365516615072,0.3333333333333333,0.1111111111111111,9,,,,0
2018-05-25,0.003922013950764759,0.8888888888888888,0.0,9,,,,0
2018-05-29,-0.001825293182121151,0.2222222222222222,0.0,9,,,,1
2018-05-30,0.01044780947736268,0.8888888888888888,0.0,9,,,,0
2018-05-31,-0.002503201585109638,0.2222222222222222,0.1111111111111111,9,,,,1
2018-06-01,0.02186408155227361,1.0,0.0,9,,,,0
2018-06-04,0.0113597772307257,0.8888888888888888,0.0,9,,,,0
2018-06-05,0.0022793048553187483,0.6666666666666666,0.0,9,,,,0
2018-06-06,0.013272325160137051,0.7777777777777778,0.1111111111111111,9,,,,0
2018-06-07,-0.010781926920214648,0.0,0.0,9,,,,1
2018-06-08,-0.002310867672127909,0.3333333333333333,0.0,9,,,,0
2018-06-11,0.00408373416997491,0.5555555555555556,0.0,9,,,,0
2018-06-12,0.008572323007358737,1.0,0.1111111111111111,9,,,,0
2018-06-13,0.004510479697214804,0.4444444444444444,0.1111111111111111,9,,,,0
2018-06-14,0.015485422157183749,1.0,0.0,9,,,,0
2018-06-15,-0.005190600694452627,0.1111111111111111,0.3333333333333333,9,,,,1
2018-06-18,0.0031210907346112104,0.4444444444444444,0.1111111111111111,9,,,,0
2018-06-19,-0.005856199288046778,0.2222222222222222,0.0,9,,,,1
2018-06-20,0.012179720571294251,1.0,0.0,9,,,,0
2018-06-21,-0.014721388592088713,0.0,0.1111111111111111,9,,,,1
2018-06-22,-0.009924154319831735,0.1111111111111111,0.0,9,,,,1
2018-06-25,-0.029068977649017454,0.0,0.4444444444444444,9,,,,1
2018-06-26,0.010191817470953966,0.7777777777777778,0.0,9,,,,0
2018-06-27,-0.013554298965398134,0.1111111111111111,0.0,9,,,,1
2018-06-28,0.013446594493068596,1.0,0.0,9,,,,0
2018-06-29,-0.003954136278016601,0.3333333333333333,0.0,9,,,,0
2018-07-02,0.008712370302921355,0.8888888888888888,0.2222222222222222,9,,,,0
2018-07-03,-0.022343922961801432,0.0,0.1111111111111111,9,,,,1
2018-07-05,0.013207256183224998,0.8888888888888888,0.0,9,0.0017565824437992253,0.012854204725786742,0.8908115269437591,0
2018-07-06,0.013002691401319167,0.8888888888888888,0.0,9,0.0017644764722845683,0.012861190705421344,0.8738082799983196,0
2018-07-09,0.014614677236022722,1.0,0.0,9,0.0023766460571777964,0.012450726721162729,0.9829170178511523,0
2018-07-10,0.0034089394071322105,0.6666666666666666,0.0,9,0.00256260719346873,0.01254578372164568,0.06745949335977106,0
2018-07-11,-0.005943005684983343,0.3333333333333333,0.0,9,0.002132785936442624,0.012026759395969294,-0.671485256795985,0
2018-07-12,0.013652774622485831,0.7777777777777778,0.0,9,0.002114425428202434,0.012038370031666667,0.9584644070527841,0
2018-07-13,-0.0022221221080578582,0.6666666666666666,0.0,9,0.0020985912201556788,0.012022260735002016,-0.3593927484565416,0
2018-07-16,-0.003895996075975313,0.2222222222222222,0.0,9,0.0021004346164078995,0.01202157833612143,-0.4988056081093478,1
2018-07-17,0.005524549703905331,0.7777777777777778,0.1111111111111111,9,0.0020203937312968895,0.012044796201001113,0.2909269624933289,0
2018-07-18,-0.003576087681839171,0.1111111111111111,0.0,9,0.0016527300164407223,0.011561488390519317,-0.4522616398220529,1
2018-07-19,-0.007290153946643476,0.3333333333333333,0.0,9,0.0015476145486052514,0.011578706516644718,-0.7632777014033636,0
2018-07-20,-0.002287400987354113,0.2222222222222222,0.1111111111111111,9,0.0015170669210199928,0.01159975921212273,-0.32797817944342456,1
2018-07-23,-0.0002516088265396288,0.6666666666666666,0.0,9,0.0017640792025003166,0.011343573117040524,-0.17769427747699199,0
2018-07-24,0.002612103192997132,0.4444444444444444,0.1111111111111111,9,0.001922582544279693,0.011242487834635613,0.06133167843803918,0
2018-07-25,0.017426110910570964,1.0,0.1111111111111111,9,0.002291433296001756,0.010865666182314803,1.3928899858163082,0
2018-07-26,-0.0056743217980791405,0.3333333333333333,0.1111111111111111,9,0.0026359504195837464,0.010997290549265765,-0.7556654232635258,0
2018-07-27,-0.02417836191202538,0.1111111111111111,0.6666666666666666,9,0.0021560015182539695,0.010680160610323581,-2.465727285488967,1
2018-07-30,-0.02133961871839972,0.1111111111111111,0.4444444444444444,9,0.001680173309838379,0.01117171408008296,-2.0605425329742375,1
2018-07-31,0.006620653056922301,0.7777777777777778,0.2222222222222222,9,0.001439025965070285,0.011502470607419152,0.4504794899027901,0
2018-08-01,0.01261587919325962,1.0,0.1111111111111111,9,0.0012816510243846098,0.01135953180586898,0.9977724753602171,0
2018-08-02,0.032531612382611104,1.0,0.3333333333333333,9,0.0015135947055760592,0.011440409709542243,2.7112680808243663,1
2018-08-03,0.0003154611339562334,0.5555555555555556,0.0,9,0.0020694581138573516,0.012075959061778711,-0.14524701275716032,0
2018-08-06,0.004116756515056657,0.6666666666666666,0.0,9,0.0017185806305752953,0.011792924539918849,0.20335718051646795,0
2018-08-07,0.017327260684486853,0.8888888888888888,0.1111111111111111,9,0.0015258593528126004,0.011649824295869719,1.3563639184907208,0
2018-08-08,-6.570901297190772e-05,0.7777777777777778,0.0,9,0.0017908621044638114,0.011817839418592803,-0.15709903068362968,0
2018-08-09,-0.0032785855054680508,0.6666666666666666,0.0,9,0.0015613652049862813,0.011709058665940466,-0.413350965994634,0
2018-08-10,-0.007357847575269583,0.1111111111111111,0.0,9,0.0013837189780355852,0.01169602874592698,-0.7473961242057761,1
2018-08-13,-0.0014782936511316864,0.4444444444444444,0.0,9,0.0013767898849457777,0.011701156448805058,-0.2440001164473816,0
2018-08-14,0.002339285293184982,0.6666666666666666,0.1111111111111111,9,0.0013737216461086703,0.011701890990752518,0.08251347135598455,0
2018-08-15,-0.016073435518412796,0.1111111111111111,0.1111111111111111,9,0.0016809220679232797,0.011462976646985805,-1.5488435624619885,1
2018-08-16,-0.0023259771146125763,0.3333333333333333,0.1111111111111111,9,0.0013296999125947044,0.011664058000976795,-0.3134138244941117,0
2018-08-17,-0.01629925606235807,0.2222222222222222,0.1111111111111111,9,0.0013492923097204999,0.011656746040340648,-1.5140201485905258,1
2018-08-20,0.0031826254152173983,0.4444444444444444,0.2222222222222222,9,0.0012382419731604792,0.01179240074094081,0.16488444420875356,0
2018-08-21,0.01272103874283528,0.6666666666666666,0.0,9,0.001102278837856231,0.011718416009365388,0.9914957700506031,0
2018-08-22,0.008089508609320117,0.7777777777777778,0.1111111111111111,9,0.0013981334779096274,0.011773479362281476,0.5683430467332835,0
2018-08-23,-0.0002814180731081824,0.3333333333333333,0.0,9,0.0012824612964390935,0.011669263102120723,-0.13401697740991572,0
2018-08-24,0.015039418897873698,1.0,0.1111111111111111,9,0.0012841885738764478,0.011669019568039396,1.1787820085306768,0
2018-08-27,0.010003451469863244,0.8888888888888888,0.0,9,0.0014606553190686532,0.011792958179324924,0.7243980705173343,0
2018-08-28,-0.000389047594366507,0.6666666666666666,0.0,9,0.0016484131706874532,0.011833890950145063,-0.1721716697946236,0
2018-08-29,0.009704499687142217,0.7777777777777778,0.1111111111111111,9,0.0014763995663742914,0.011782572036560851,0.6983280132076816,0
2018-08-30,-0.00112701914652586,0.3333333333333333,0.1111111111111111,9,0.001670172602441781,0.011816402704559423,-0.23672109176579853,0
2018-08-31,0.0004228806186509843,0.6666666666666666,0.0,9,0.0013052344961116307,0.01153433661598072,-0.0764980169070281,0
2018-09-04,-0.006899178390091724,0.3333333333333333,0.0,9,0.0011316329625866352,0.011462648436669137,-0.700606966797281,0
2018-09-05,-0.021549436344230084,0.0,0.3333333333333333,9,0.0009859427523420247,0.011506073245128996,-1.9585638485407941,1
2018-09-06,-0.007560529998284592,0.3333333333333333,0.2222222222222222,9,0.000433216379256832,0.011740338475911381,-0.6808786981689542,0
2018-09-07,-0.011367294606912635,0.1111111111111111,0.0,9,0.00048434966373191233,0.011697642282508844,-1.0131652160680258,1
2018-09-10,0.009226221043588279,0.4444444444444444,0.0,9,0.0003405968552432659,0.01178784647030772,0.753795378208133,0
2018-09-11,0.005696421016451613,0.6666666666666666,0.2222222222222222,9,0.00042222363101490667,0.011831907100188528,0.4457605473721703,0
2018-09-12,0.004120851727177775,0.4444444444444444,0.0,9,0.0003765743930639999,0.01180547395202918,0.3171645076960414,0
2018-09-13,0.007986422481407561,0.6666666666666666,0.0,9,0.0003703898221110312,0.011803375251552532,0.6452419326662322,0
2018-09-14,0.0005073788812097622,0.3333333333333333,0.0,9,0.00025135808122569487,0.011685713987315096,0.021908870973735905,0
2018-09-17,-0.01674595071891362,0.0,0.1111111111111111,9,0.00034180220147430425,0.01166494734648632,-1.4648804159013236,1
2018-09-18,0.007029527493286792,0.7777777777777778,0.1111111111111111,9,2.645233713264026e-05,0.011855585028803019,0.5906984040973309,0
2018-09-19,0.004131122331527052,0.5555555555555556,0.0,9,0.00023098768286809377,0.011863610300313918,0.3287477041078936,0
2018-09-20,0.006060041908449122,0.6666666666666666,0.0,9,0.00010323215525274141,0.011775874763686878,0.5058485991686429,0
2018-09-21,-0.008050191268880883,0.2222222222222222,0.4444444444444444,9,0.00043309613145175465,0.011644239332169017,-0.7285394226565097,1
2018-09-24,0.00848340805362745,1.0,0.1111111111111111,9,0.0004628415767049428,0.011619722515619916,0.6902545621154712,0
2018-09-25,0.0034970539755429953,0.6666666666666666,0.0,9,0.0010589111910326396,0.011028504334331895,0.22107646790511581,0
2018-09-26,0.0033571991783234692,0.5555555555555556,0.0,9,0.000952645103803894,0.010971189119870377,0.21916986830211388,0
2018-09-27,0.007756442783576147,0.8888888888888888,0.0,9,0.0012210815822756656,0.010816314003593475,0.6042133391402336,0
2018-09-28,-0.008541574822980076,0.3333333333333333,0.3333333333333333,9,0.0011307617138710236,0.01073603974339918,-0.900922199249302,0
2018-10-01,0.025155457052237835,0.8888888888888888,0.1111111111111111,9,0.0010579452290303333,0.01078652230002901,2.2340390306468554,0
2018-10-02,-0.0034894876622139576,0.2222222222222222,0.1111111111111111,9,0.0013189466060036109,0.011166951609168722,-0.43059506627301597,1
2018-10-03,0.00010246164791214183,0.6666666666666666,0.0,9,0.0016182233567907135,0.010768080864121737,-0.140764331918137,0
2018-10-04,-0.02516501770798131,0.0,0.2222222222222222,9,0.0014102107451190813,0.01066669745874577,-2.491420475351628,1
2018-10-05,-0.023721505635493665,0.0,0.5555555555555556,9,0.0008043740925905022,0.011073796965451221,-2.2147669678793696,1
2018-10-08,-0.012047890048611473,0.0,0.3333333333333333,9,0.0001958632533600832,0.011352463874318063,-1.0785106596700826,1
2018-10-09,0.008932305884068978,0.6666666666666666,0.0,9,-4.948324593743559e-05,0.011448521802490053,0.7845370157790041,0
2018-10-10,-0.05235159232458608,0.0,0.7777777777777778,9,0.00018663281071418857,0.011478368870841785,-4.577150789147561,1
2018-10-11,-0.014870846690715244,0.0,0.6666666666666666,9,-0.0008610555535250483,0.013123765157155296,-1.0675130931881864,1
2018-10-12,0.034709450306189896,1.0,0.3333333333333333,9,-0.0010618289595989748,0.013241151248454024,2.701523349033972,1
2018-10-15,-0.01688425412962624,0.1111111111111111,0.0,9,-0.0004490440963900034,0.013980537416248726,-1.1755778439628934,1
2018-10-16,0.0361571275603338,1.0,0.1111111111111111,9,-0.000804739395334949,0.01411056458455816,2.6194463541251793,1
2018-10-17,0.002018378077212119,0.3333333333333333,0.1111111111111111,9,-0.00017405343910998125,0.014853118547405663,0.1476074879039489,0
2018-10-18,-0.02655594648067615,0.0,0.1111111111111111,9,-2.6298962540844797e-05,0.014827465028380976,-1.789223408543227,1
2018-10-19,-0.011278613463634088,0.3333333333333333,0.2222222222222222,9,-0.00041151397037135333,0.015197777636525495,-0.7150453015673391,0
2018-10-22,0.00736131640693168,0.8888888888888888,0.0,9,-0.0005865457900077733,0.015259280518589173,0.520854321228134,0
2018-10-23,0.007373931981853617,0.4444444444444444,0.3333333333333333,9,-0.0005111614532786534,0.0152870432923032,0.5158023879674821,0
2018-10-24,-0.05581626523571202,0.0,0.8888888888888888,9,-0.0006707198489725796,0.015148636684943284,-3.640297574866943,1
2018-10-25,0.04939540860358046,1.0,0.6666666666666666,9,-0.0014666237130619903,0.016657808867533035,3.0533446938375723,1
2018-10-26,-0.017303671837625084,0.2222222222222222,0.6666666666666666,9,-0.0002987860858301517,0.01759266802481599,-0.9665893614207954,1
2018-10-29,-0.031691548501842894,0.1111111111111111,0.8888888888888888,9,-0.000234723436928967,0.017522019777180247,-1.7952739161886826,1
2018-10-30,0.018149122715724813,0.6666666666666666,0.2222222222222222,9,-0.0008428536204014304,0.017940110865890087,1.0586320496065655,0
2018-10-31,0.02900836051651723,0.8888888888888888,0.1111111111111111,9,-0.0007550243581400781,0.01802042815900193,1.6516469315846578,0
2018-11-01,0.0215205577878315,0.7777777777777778,0.0,9,-0.0008109489909352189,0.01792065099138506,1.2461325645760344,0
2018-11-02,-0.016725594519354268,0.2222222222222222,0.1111111111111111,9,-0.00047436015515942107,0.01813994584125059,-0.8958810851154375,1
2018-11-05,-0.0050962206485403545,0.3333333333333333,0.0,9,-0.0008051911239595945,0.018244620218358737,-0.2351942366146318,0
2018-11-06,0.001659058563345682,0.5555555555555556,0.0,9,-0.0011611193990870106,0.01810335395913132,0.15578207048259127,0
2018-11-07,0.03602902566118546,1.0,0.1111111111111111,9,-0.0011337421359708584,0.01810634115607237,2.0524725275428133,0
2018-11-08,-0.008360321586304977,0.2222222222222222,0.0,9,-0.0005098117999922312,0.01869880120788708,-0.41984027205987046,1
2018-11-09,-0.01815956687301237,0.0,0.0,9,-0.000525724085881682,0.01870514819948938,-0.9427267081269135,1
2018-11-12,-0.04107825506394764,0.0,0.1111111111111111,9,-0.0007905062005147085,0.0188364554778534,-2.138817937950188,1
2018-11-13,0.008636636857137522,0.6666666666666666,0.0,9,-0.001479673507770782,0.019502577403033298,0.5187165858054681,0
2018-11-14,-0.010103081861117993,0.2222222222222222,0.2222222222222222,9,-0.0010874501367303007,0.01945275606573734,-0.4634629506441591,1
2018-11-15,0.018347205482726378,1.0,0.0,9,-0.0012108962438176884,0.019485391617949245,1.0037315189769058,0
2018-11-16,-0.018967592510741822,0.4444444444444444,0.1111111111111111,9,-0.0006609524097687288,0.019541517958890742,-0.9368074752168462,0
2018-11-19,-0.043227589629498006,0.0,0.3333333333333333,9,-0.0010125431704982402,0.019670089240762672,-2.1461542925548494,1
2018-11-20,-0.012711286916651033,0.2222222222222222,0.3333333333333333,9,-0.0019006166367257528,0.02029316659533337,-0.5327246602514616,1
2018-11-21,-0.0038647404867400027,0.4444444444444444,0.0,9,-0.0022307879942808505,0.02029721974106612,-0.08050129590671358,0
2018-11-23,-0.012561899468327345,0.1111111111111111,0.0,9,-0.002287666127830562,0.020296689685770607,-0.5062024152490117,1
2018-11-26,0.03272691556177196,1.0,0.0,9,-0.0027257822923734357,0.020214370235032898,1.7538363768911,0
2018-11-27,0.003941409985919137,0.6666666666666666,0.0,9,-0.002365092386152662,0.020643342923195623,0.3054981160529761,0
2018-11-28,0.03727642382245119,1.0,0.1111111111111111,9,-0.0022963549642433666,0.020657233830771428,1.9156862487438255,0
2018-11-29,-0.006290465690597374,0.2222222222222222,0.0,9,-0.0018587053747940174,0.02120051682978021,-0.2090402017736707,1
2018-11-30,0.013603802158308956,0.7777777777777778,0.0,9,-0.0019406648437475336,0.02120762210823398,0.7329660497874141,0
2018-12-03,0.023602077566547357,1.0,0.0,9,-0.0017314438669275656,0.021296147986558916,1.1895823343012173,0
2018-12-04,-0.04364820886609763,0.1111111111111111,0.3333333333333333,9,-0.0012472969469809138,0.021522277176349608,-1.9700941295240924,1
2018-12-06,0.010276601229727487,0.8888888888888888,0.0,9,-0.0015980711139946843,0.022032538441159412,0.5389607001224547,0
2018-12-07,-0.04082033449850096,0.0,0.2222222222222222,9,-0.0013149420468833814,0.022069259465115194,-1.7900642526797796,1
2018-12-10,0.016013600616830992,1.0,0.0,9,-0.0017824506165911326,0.022591424978690506,0.7877347821223475,0
2018-12-11,-0.0017912704892939007,0.6666666666666666,0.0,9,-0.0016747144328888674,0.02266084845257382,-0.005143499222854334,0
2018-12-12,0.009968666427179813,0.8888888888888888,0.0,9,-0.001793566679011812,0.022641191863917217,0.5195059154521298,0
2018-12-13,0.005872162436168023,0.6666666666666666,0.0,9,-0.0017007442234562241,0.02267778800059686,0.33393497899464153,0
2018-12-14,-0.026218529410264098,0.0,0.0,9,-0.0017343039067139944,0.02266478190860645,-1.0802762454225407,1
2018-12-17,-0.025474643848993943,0.0,0.0,9,-0.0021585246732453256,0.022871322897581283,-1.019447772223721,1
2018-12-18,0.0114330410484085,0.8888888888888888,0.0,9,-0.0022970753578497754,0.022987261035845905,0.5972924040340338,0
2018-12-19,-0.02585265093702549,0.0,0.6666666666666666,9,-0.002227178317292288,0.02302274517658444,-1.0261796514067216,1
2018-12-20,-0.02182717702470338,0.0,0.1111111111111111,9,-0.002703111226316931,0.023198430850653474,-0.8243689377744161,1
2018-12-21,-0.031966985384226584,0.1111111111111111,0.6666666666666666,9,-0.0031457654950971295,0.02329438485125887,-1.2372603987253137,1
2018-12-24,-0.03305241818849899,0.0,0.0,9,-0.0035253971477216643,0.02356887245265908,-1.2527973538015407,1
2018-12-26,0.07281680045066066,1.0,0.8888888888888888,9,-0.004184695976961767,0.023807269649554035,3.2343690629414468,1
2018-12-27,-0.003533757310976604,0.5555555555555556,0.0,9,-0.003084382540848788,0.025695074583767616,-0.01748875134270675,0
2018-12-28,0.009212378291514913,0.6666666666666666,0.0,9,-0.0031937628025837097,0.025681874936474492,0.483069913111324,0
2018-12-31,0.00990627328065684,0.6666666666666666,0.0,9,-0.00317065271515611,0.025692540370679917,0.5089775400620257,0
2019-01-02,-0.0010894967269306068,0.6666666666666666,0.0,9,-0.0028778297293840962,0.025735430685299793,0.06948914219939573,0
2019-01-03,-0.03951987768128992,0.1111111111111111,0.1111111111111111,9,-0.003294416297307404,0.02548553290136126,-1.4214127491149147,1
2019-01-04,0.05707804011900339,1.0,0.2222222222222222,9,-0.0038663272499911494,0.025891027165197724,2.3538798588460375,0
2019-01-07,0.02388802494838813,0.7777777777777778,0.0,9,-0.0029619529885452573,0.027003089792582518,0.9943298394063338,0
2019-01-08,0.006553473385437621,0.8888888888888888,0.0,9,-0.0021833332638409803,0.027059700062465924,0.3228715258894272,0
2019-01-09,0.007950544531961756,0.7777777777777778,0.0,9,-0.0017027780412865153,0.0269395939887302,0.3583321477408532,0
2019-01-10,0.006538942829070662,0.6666666666666666,0.0,9,-0.001385342571753607,0.026933551443111367,0.29421613475526326,0
2019-01-11,0.0038786258240152633,0.4444444444444444,0.0,9,-0.0014233324615154851,0.026920448365645586,0.1969491077383696,0
2019-01-14,-0.012157836663369385,0.1111111111111111,0.0,9,-0.0005307893162995905,0.026125098766930675,-0.4450527613617059,1
2019-01-15,0.02603325263310368,0.8888888888888888,0.0,9,-0.0004877256650718786,0.026103306816368944,1.0160007115092675,0
2019-01-16,0.0003131468601588811,0.5555555555555556,0.0,9,-0.0006254430884541995,0.025936973574423303,0.03618733488392158,0
2019-01-17,0.007827603778753418,1.0,0.0,9,-0.0003524684695687214,0.025853460069504494,0.31640144979940077,0
2019-01-18,-0.008907303426822395,0.7777777777777778,0.1111111111111111,9,-0.0008021434502287274,0.025451443507678223,-0.3184558068051619,0
2019-01-22,-0.027535946350798788,0.0,0.0,9,-0.0009755669661657832,0.02546913187255538,-1.0428458856602612,1
2019-01-23,-0.002859803721308279,0.6666666666666666,0.0,9,-0.0009911225196597934,0.02548530150374761,-0.07332388048749182,0
2019-01-24,0.013987072337530247,0.6666666666666666,0.1111111111111111,9,-0.0008574906189879551,0.0254525400303074,0.583225208126268,0
2019-01-25,0.010400250397350312,0.8888888888888888,0.2222222222222222,9,-0.000752319889930835,0.025500691531582038,0.4373438372629596,0
2019-01-28,-0.02609759171301778,0.0,0.1111111111111111,9,-0.0007042830896848558,0.025519089986678362,-0.9950710874325417,1
2019-01-29,-0.015855274588069138,0.1111111111111111,0.0,9,-0.0002325581131341535,0.02474689802607163,-0.6312999899412025,1
2019-01-30,0.03784224002514421,1.0,0.2222222222222222,9,-0.0012682832431603374,0.02399022248948206,1.630269301814588,0
2019-01-31,0.00961644753870499,0.5555555555555556,0.2222222222222222,9,-0.0003929513088306662,0.024398286699871104,0.4102500708620879,0
2019-02-01,-0.002321848024287254,0.5555555555555556,0.0,9,0.00026273116800342724,0.02409679317809414,-0.10725822200442277,0
2019-02-04,0.019016815954391777,1.0,0.1111111111111111,9,-6.220487548882777e-05,0.023989494562899703,0.7953073283747605,0
2019-02-05,0.013966093150966542,1.0,0.1111111111111111,9,-0.00022080082091939054,0.02382668242271826,0.5954204500731924,0
2019-02-06,-0.005404298814370064,0.3333333333333333,0.0,9,-0.0003407129580124851,0.02373433089951186,-0.2133443692934154,0
2019-02-07,-0.01913203860298877,0.0,0.0,9,-0.0001610098515841644,0.023650985728378243,-0.8021242314920402,1
2019-02-08,-0.00139468925256588,0.5555555555555556,0.0,9,-0.0003838006127658853,0.023764062859635324,-0.04253854426201882,0
2019-02-11,-0.0004971306428144744,0.2222222222222222,0.0,9,-0.000432272800320037,0.02376294315681426,-0.002729369088097944,1
2019-02-12,0.02079828765809788,0.8888888888888888,0.0,9,-0.0010120530591136868,0.023300077446940785,0.9360630138195177,0
2019-02-13,-0.0017776063263043656,0.5555555555555556,0.0,9,-0.0005492179917422128,0.0234409353981353,-0.05240355445285983,0
2019-02-14,0.0021825879566910794,0.7777777777777778,0.0,9,-0.0002891868719531969,0.02333304688692019,0.10593450742302668,0
2019-02-15,0.004345598668756501,0.5555555555555556,0.0,9,0.0003974931759934494,0.022742379796020767,0.17360124701874213,0
2019-02-19,0.002250475893276624,0.5555555555555556,0.0,9,0.00032938145871756026,0.022723724203218318,0.08454135498999689,0
2019-02-20,-0.0012435469931592552,0.2222222222222222,0.0,9,0.0005254696770412842,0.02268551680532858,-0.07798000307337133,1
2019-02-21,-0.007469076525980525,0.2222222222222222,0.0,9,0.0002145053520272266,0.022571266646133077,-0.3404142974547734,1
2019-02-22,0.01370590858042194,1.0,0.0,9,0.0003970214787694694,0.022459869130450033,0.5925629853118293,0
2019-02-25,0.004755100777878256,0.8888888888888888,0.0,9,0.0013007277995618495,0.021812323885404286,0.15836794815924676,0
2019-02-26,0.0007864206520946042,0.7777777777777778,0.0,9,0.001577972048681362,0.02174224260037285,-0.03640615235215818,0
2019-02-27,0.0049745502918707345,0.5555555555555556,0.0,9,0.0016518000032660384,0.02173135725774486,0.15290118556311055,0
2019-02-28,-0.002149644865138615,0.2222222222222222,0.0,9,0.0019301563486660079,0.021658547857041528,-0.18836910215465882,1
2019-03-01,9.5680600431278e-05,0.7777777777777778,0.1111111111111111,9,0.001376560151413459,0.021301462911971318,-0.060131060306770436,0
2019-03-04,-0.001528799065082483,0.6666666666666666,0.0,9,0.0013155168278342869,0.021299504544227358,-0.13353906364397775,0
2019-03-05,-0.0025217304792063532,0.3333333333333333,0.0,9,0.0006995609089845458,0.020797980830862074,-0.15488481378975175,0
2019-03-06,-0.0063046667575447695,0.2222222222222222,0.0,9,0.0007593821028161493,0.02078296573260426,-0.3398960933318029,1
2019-03-07,-0.013006935413961165,0.1111111111111111,0.0,9,0.0004433746597073601,0.02073581662292857,-0.6486510909242842,1
2019-03-08,0.002640894025976633,0.4444444444444444,0.0,9,-0.00013772078442769584,0.020588794961257678,0.13495762212567083,0
2019-03-11,0.029919039515318848,1.0,0.1111111111111111,9,0.0005970268805258639,0.019822703239293776,1.4792136209086304,0
2019-03-12,0.00221719068870136,0.7777777777777778,0.0,9,0.0009088116152177902,0.020129506108701817,0.064998071309756,0
2019-03-13,0.013097085517469933,1.0,0.1111111111111111,9,0.0015919469356495731,0.01940784874902704,0.5928085451715579,0
2019-03-14,-0.0040401445820405935,0.3333333333333333,0.0,9,0.0015456530451835244,0.01937634651807716,-0.2882791976295866,0
2019-03-15,0.0052235895054717485,0.7777777777777778,0.5555555555555556,9,0.001509956631012942,0.019384662906455935,0.19157582942657234,0
2019-03-18,0.0019391216199018896,0.5555555555555556,0.0,9,0.0014346379497159887,0.01936047002586242,0.02605740818854053,0
2019-03-19,0.004457488983052587,0.6666666666666666,0.0,9,0.0013722087304101772,0.019352269567710054,0.15942730860830448,0
2019-03-20,0.011829000683639394,0.6666666666666666,0.1111111111111111,9,0.00185912965728822,0.019030101048967525,0.5239000571093704,0
2019-03-21,0.01934629178210856,1.0,0.1111111111111111,9,0.0024512509990760505,0.0187440954651608,0.9013526854061812,0
2019-03-22,-0.02906120884534967,0.0,0.1111111111111111,9,0.002576858153579226,0.01883156453152112,-1.6800551513376212,1
2019-03-25,-0.0047731107004091505,0.3333333333333333,0.0,9,0.002525928662970906,0.01891385048640811,-0.38590975267702887,0
2019-03-26,0.00410261373220935,0.6666666666666666,0.1111111111111111,9,0.0027966281284358937,0.018680280091380983,0.06991252793773868,0
2019-03-27,-0.0029405176503658112,0.2222222222222222,0.0,9,0.003369161447744401,0.018142635275008444,-0.3477818410868801,1
2019-03-28,0.002789906673435791,0.7777777777777778,0.0,9,0.0038471281229528636,0.017554758299390075,-0.060224209954164096,0
2019-03-29,0.007210218048721832,1.0,0.0,9,0.0027355901264889764,0.015172649351815165,0.2949140798338913,0
2019-04-01,0.0177161924601428,1.0,0.0,9,0.002906129417912761,0.015161422387151497,0.9768254365619934,0
2019-04-02,0.001885410084468939,0.6666666666666666,0.0,9,0.003041110595192569,0.0152560313421111,-0.07575367963053138,0
2019-04-03,0.011644321386858792,1.0,0.0,9,0.0029137953063641895,0.015231263757201696,0.5731977477158852,0
2019-04-04,-0.008775949655239769,0.3333333333333333,0.1111111111111111,9,0.003115919403408466,0.015261742415648682,-0.779194716748388,0
2019-04-05,0.005417233393610481,0.6666666666666666,0.0,9,0.0036039182609648173,0.014340159496417391,0.12645013698060226,0
2019-04-08,0.0012354914931247902,0.6666666666666666,0.0,9,0.0027839054557998507,0.012605128687375707,-0.12283999640763911,0
2019-04-09,-0.004213191557925717,0.1111111111111111,0.0,9,0.0024243414327004328,0.012313121366111396,-0.5390617694140659,1
2019-04-10,0.006930936495372624,0.8888888888888888,0.0,9,0.0022534419891549824,0.012329593614041363,0.37937134447730303,0
2019-04-11,-0.0031264088652093675,0.4444444444444444,0.0,9,0.002237257734605949,0.012322662020280428,-0.43526849888343,0
2019-04-12,-0.0027862584974164273,0.4444444444444444,0.1111111111111111,9,0.0020838394537443608,0.012328407752146157,-0.39503057078177756,0
2019-04-15,-0.0038816257706340623,0.5555555555555556,0.0,9,0.0019780476391184614,0.01234134739554682,-0.47480013502147217,0
2019-04-16,0.010963176510223556,0.8888888888888888,0.2222222222222222,9,0.002109416065987276,0.012232014023217387,0.723818696367671,0
2019-04-17,0.005076192961125492,0.6666666666666666,0.2222222222222222,9,0.0018702085084812423,0.011899450109138704,0.2694229080537153,0
2019-04-18,0.0038030306401162844,0.6666666666666666,0.0,9,0.0019458124148457917,0.011904527730559632,0.15600939972636654,0
2019-04-22,0.006546033306117089,0.8888888888888888,0.1111111111111111,9,0.001881930301534091,0.011883235060970714,0.3924943822664734,0
2019-04-23,0.011209555768442674,0.8888888888888888,0.0,9,0.002127221360787099,0.01181623733090821,0.768631684800249,0
2019-04-24,-0.007353000869619726,0.1111111111111111,0.0,9,0.0027422293309337887,0.011241779287434146,-0.8980099984561855,1
2019-04-25,-0.007271813308916353,0.4444444444444444,0.3333333333333333,9,0.002670908741278051,0.011292033829888496,-0.8805076392772889,0
2019-04-26,-0.014956127170157658,0.5555555555555556,0.4444444444444444,9,0.0023334661119693754,0.011266028184906761,-1.5346662548998518,0
2019-04-29,0.0012923976398760849,0.5555555555555556,0.2222222222222222,9,0.0019309839283581376,0.011425002140788745,-0.055893756571144655,0
2019-04-30,-0.012090103459201314,0.2222222222222222,0.2222222222222222,9,0.002365745664118358,0.01084777396780295,-1.3326097286158223,1
2019-05-01,-0.0010925967120249463,0.2222222222222222,0.2222222222222222,9,0.0024255102852114973,0.010755749680928633,-0.3270908213375877,1
2019-05-02,0.0021559522890070263,0.3333333333333333,0.1111111111111111,9,0.00180749700366913,0.009760446396685742,0.03570075293443727,0
2019-05-03,0.02057279107611212,0.8888888888888888,0.0,9,0.001689076444150115,0.009709298582756416,1.944910280697231,0
2019-05-06,-0.007434990232016412,0.2222222222222222,0.1111111111111111,9,0.002052483413997724,0.009981399465420033,-0.9505153740097194,1
2019-05-07,-0.0222638135357029,0.0,0.4444444444444444,9,0.0016326134745309276,0.009811180297328243,-2.435632236494649,1
2019-05-08,-0.006250145178162951,0.2222222222222222,0.1111111111111111,9,0.0010575355906155394,0.010133116843770105,-0.7211681145541405,1
2019-05-09,-0.01319146164896644,0.0,0.1111111111111111,9,0.0010441094578569222,0.010142372845421892,-1.403574027871503,1
2019-05-10,-0.004116409129398911,0.2222222222222222,0.5555555555555556,9,0.0011384043301429908,0.009978051266059773,-0.5266372480382107,1
2019-05-13,-0.04147650517152768,0.0,0.5555555555555556,9,0.0010952024273361172,0.009995073267124427,-4.259269188039842,1
2019-05-14,0.010379904178251902,0.8888888888888888,0.0,9,0.0004447361649755904,0.01134293258635639,0.8758905986293721,0
2019-05-15,0.013140121477928583,0.7777777777777778,0.4444444444444444,9,0.00027936499862882887,0.011115064627441247,1.1570563834193714,0
2019-05-16,0.006479920730605524,0.6666666666666666,0.0,9,0.0005161543288547487,0.011228854386090246,0.5311108503765439,0
2019-05-17,-0.020251219277070076,0.0,0.2222222222222222,9,0.0005843659601867241,0.011252168946236978,-1.8516950231381633,1
2019-05-20,-0.021502237028363784,0.0,0.1111111111111111,9,0.00019394027850693705,0.011542538773503965,-1.879671165296369,1
2019-05-21,0.011286106661557889,0.7777777777777778,0.1111111111111111,9,-0.00018308691072545038,0.011857903200488134,0.9672193623414979,0
2019-05-22,-0.010008173674387888,0.4444444444444444,0.1111111111111111,9,1.5796480619266214e-05,0.011944588274513453,-0.8392060006283865,0
2019-05-23,-0.011500513276423948,0.2222222222222222,0.2222222222222222,9,-2.4506648720533203e-05,0.011974497121326502,-0.9583706531829819,1
2019-05-24,-0.004216926293162467,0.4444444444444444,0.0,9,-0.0004246085829561823,0.011929349364914178,-0.31789811784371086,0
2019-05-28,-0.004854624804229836,0.3333333333333333,0.0,9,-0.0005670217110679397,0.011920067031949698,-0.359696223324056,0
2019-05-29,-0.007263162688279917,0.2222222222222222,0.0,9,-0.0006565621151365815,0.011930918434908571,-0.5537378039408215,1
2019-05-30,0.0020111053073371193,0.6666666666666666,0.0,9,-0.0008508115275199252,0.011937379006017292,0.2397441543419568,0
2019-05-31,-0.018739820056282337,0.0,0.0,9,-0.0007847678739885645,0.011941586251046042,-1.5035734620868288,1
2019-06-03,-0.027688699841955076,0.0,0.5555555555555556,9,-0.0010837440748887807,0.012153102112136507,-2.18914936462993,1
2019-06-04,0.04005263650857622,1.0,0.5555555555555556,9,-0.0014989805951565996,0.012606982377949211,3.295920931595056,1
2019-06-05,0.00508152147472132,0.6666666666666666,0.0,9,-0.0008231969921759238,0.013649265664711117,0.43260338042678254,0
2019-06-06,0.014682186735426095,1.0,0.0,9,-0.0006424638456320176,0.01365089706687259,1.1226112471573253,0
2019-06-07,0.01754835423176431,0.8888888888888888,0.1111111111111111,9,-0.00020295397024491823,0.013692067718281145,1.2964665795735393,0
2019-06-10,0.014633581577558945,0.8888888888888888,0.2222222222222222,9,3.3672382227902045e-05,0.013869671318783769,1.0526499770443953,0
2019-06-11,0.004850575743088016,0.6666666666666666,0.0,9,-0.00020895393424447733,0.013466275702253878,0.3757185571720969,0
2019-06-12,-0.012637123207165602,0.0,0.1111111111111111,9,-0.00016715417147643524,0.013478009944445125,-0.9252084756643606,1
2019-06-13,0.007721298421512455,0.7777777777777778,0.0,9,-0.0005756336750420786,0.013459477296745435,0.6164379131246628,0
2019-06-14,-0.006286171629391379,0.2222222222222222,0.0,9,-0.0003889441035571096,0.013492176533527116,-0.43708496632697263,1
2019-06-17,0.012359959293907775,0.8888888888888888,0.0,9,-0.0005716387247454133,0.013492878228701878,0.9584017434579124,0
2019-06-18,0.019133797367633827,0.8888888888888888,0.1111111111111111,9,-0.00040622860293579603,0.013587695986207135,1.438067645199355,0
2019-06-19,0.0031859362012985892,0.6666666666666666,0.0,9,-0.0001732713269900621,0.013796632250705371,0.24348025425675224,0
2019-06-20,0.0025484272284146525,0.8888888888888888,0.0,9,-0.0003104628267097574,0.013718107763226727,0.20840265322802448,0
2019-06-21,0.0015870802416029844,0.5555555555555556,0.1111111111111111,9,-0.0005770955974033115,0.01349125653946419,0.16041321523134025,0
2019-06-24,0.00234307654529537,0.7777777777777778,0.0,9,-9.061481824533286e-05,0.01299087603693256,0.18733851024533002,0
2019-06-25,-0.019887813819196996,0.0,0.2222222222222222,9,2.2340534861088104e-05,0.012980438512992687,-1.5338583772905008,1
2019-06-26,0.012974521941490045,0.7777777777777778,0.0,9,-0.00035845990246282213,0.013208697439559047,1.009409285432006,0
2019-06-27,0.005866435431884883,0.6666666666666666,0.0,9,-0.00010584022640161809,0.01331031711746261,0.4486952193235961,0
2019-06-28,0.0001275251550948184,0.5555555555555556,0.0,9,-5.700643658496582e-05,0.013326746134730165,0.013846710203242012,0
2019-07-01,0.014181835960776946,1.0,0.2222222222222222,9,-0.00016943013330920413,0.0132942864972031,1.0795063049909013,0
2019-07-02,0.0002932053092075362,0.7777777777777778,0.0,9,-0.00022553103012453517,0.013224869276444616,0.039224307514027,0
2019-07-03,0.012042613848817515,1.0,0.0,9,-0.0002508041217953511,0.013222291266330557,0.9297494453111174,0
2019-07-05,-0.0033857326716806423,0.2222222222222222,0.0,9,-0.00024448201922457773,0.013228164447954561,-0.2374668582942956,1
2019-07-08,-0.009462892867409744,0.1111111111111111,0.0,9,-0.00015892301948554395,0.013189468601340121,-0.7054089993420104,1
2019-07-09,0.004508947337753854,0.6666666666666666,0.0,9,-0.00039511549981919826,0.013221198059381389,0.37092423966020743,0
2019-07-10,0.014211813438328792,1.0,0.1111111111111111,9,-0.0003431558832377846,0.013234135791649683,1.0998050458837136,0
2019-07-11,0.0035925407483646194,0.4444444444444444,0.0,9,-5.069548647184004e-05,0.013350309336134526,0.27289526730107433,0
2019-07-12,0.007664034423499697,0.8888888888888888,0.0,9,-0.00010368589515450677,0.013328758722515311,0.5827789729236192,0
2019-07-15,0.004510851937580138,0.6666666666666666,0.0,9,6.759098244404981e-05,0.01335858587896266,0.3326146191965884,0
2019-07-16,-0.0056454922914921995,0.1111111111111111,0.0,9,0.00018341813220590006,0.013365075782744387,-0.4361299942065267,1
2019-07-17,-0.0012028365811824636,0.3333333333333333,0.1111111111111111,9,0.00015542025092243756,0.013375572205026897,-0.10154756830473631,0
2019-07-18,-0.009671858103653834,0.6666666666666666,0.1111111111111111,9,-3.769106798876908e-05,0.013304653347828361,-0.7241201092426502,0
2019-07-19,-0.006403728631503316,0.3333333333333333,0.1111111111111111,9,-0.00027178711663606,0.013342914362150892,-0.45956538042853634,0
2019-07-22,0.008472933361947148,0.7777777777777778,0.0,9,-0.00043379916856652983,0.01335460020830734,0.6669411582215071,0
2019-07-23,0.008087958262599892,0.8888888888888888,0.0,9,-0.0004032134533946241,0.01337303762164148,0.6349471194377948,0
2019-07-24,0.011645219610455369,0.7777777777777778,0.0,9,-0.0004527626201540334,0.013335045568705153,0.9072321626707518,0
2019-07-25,-0.021246957125154984,0.1111111111111111,0.2222222222222222,9,-0.0001512035649147461,0.013391181559409942,-1.5753466911526053,1
2019-07-26,0.014060931352806037,0.6666666666666666,0.2222222222222222,9,-0.0003730312445375815,0.013624752002455585,1.0593926843396628,0
2019-07-29,0.0029312734809792498,0.3333333333333333,0.0,9,8.755698598565174e-05,0.013614275854012687,0.20887754335868242,0
2019-07-30,-0.004055238882732293,0.2222222222222222,0.1111111111111111,9,0.0001135708882253845,0.013618180379583542,-0.3061209100451909,1
2019-07-31,-0.013278393525767738,0.1111111111111111,0.3333333333333333,9,0.00024110842118521024,0.013539443242279823,-0.9985271702115044,1
2019-08-01,-0.012344566459320496,0.1111111111111111,0.5555555555555556,9,4.768307493532467e-05,0.013645432632309802,-0.9081609845710072,1
2019-08-02,-0.012613193540794994,0.1111111111111111,0.1111111111111111,9,-0.00018248388932384237,0.013731322256115348,-0.9052813283101735,1
2019-08-05,-0.038780702937770285,0.0,0.5555555555555556,9,-0.0007092455499096696,0.01355770883861403,-2.808104071347837,1
2019-08-06,0.012693775672389595,1.0,0.0,9,-0.0012067965452390963,0.01435995507822405,0.9680094500231423,0
2019-08-07,0.0028248086219121327,0.7777777777777778,0.0,9,-0.0006519141768566756,0.01420775901386854,0.24470592409225791,0
2019-08-08,0.023905424921939797,1.0,0.0,9,-0.000507867291141198,0.014196084192256106,1.7197201624373517,0
2019-08-09,-0.015684413844062026,0.0,0.0,9,8.0972178238266e-05,0.014428956748244503,-1.0926213375903553,1
2019-08-12,-0.010883875463396827,0.1111111111111111,0.0,9,-0.00010264694421670408,0.014556277016465037,-0.7406583776184773,1
2019-08-13,0.023817379246158035,1.0,0.3333333333333333,9,0.00038295035273775384,0.0136349086381838,1.7187081714499701,0
2019-08-14,-0.035244482906078144,0.0,0.2222222222222222,9,0.000596243607783883,0.0138964097999905,-2.5791356925791384,1
2019-08-15,-0.004249004554711259,0.2222222222222222,0.1111111111111111,9,-0.00017176598561304915,0.014515220985003194,-0.28089400590667707,1
2019-08-16,0.02327438094736219,1.0,0.1111111111111111,9,-0.0003420663869672838,0.014498850617956124,1.6288496210231758,0
2019-08-19,0.024612566116423967,1.0,0.1111111111111111,9,0.00034881615627767277,0.014571694076191096,1.6651289708168653,0
2019-08-20,-0.011827792755109614,0.1111111111111111,0.0,9,0.0010807971585758912,0.014614525754905924,-0.8832712145553026,1
2019-08-21,0.006174244673324182,0.7777777777777778,0.0,9,0.0007139098662478354,0.014644295192274866,0.3728642953029773,0
2019-08-22,-0.0027918000419673047,0.2222222222222222,0.0,9,0.0009707736495448523,0.014595032941878064,-0.2577982322133762,1
2019-08-23,-0.036730183743619915,0.0,0.7777777777777778,9,0.0011090071929489263,0.014516036346124627,-2.606716464076011,1
2019-08-26,0.01520631710490187,1.0,0.0,9,0.0005929237413543634,0.015266983427049952,0.9571893120454681,0
2019-08-27,-0.0055803381688934355,0.2222222222222222,0.0,9,0.0009113513907056603,0.015360451976663594,-0.42262360309850333,1
2019-08-28,0.0022040938459404837,0.6666666666666666,0.0,9,0.0009380628910133822,0.015347465098899987,0.08249120924978307,0
2019-08-29,0.020679319274335306,1.0,0.0,9,0.0009411262011499436,0.0153477019877039,1.2860683044926848,0
2019-08-30,0.000846837033678876,0.3333333333333333,0.0,9,0.0015668268254454617,0.015335923108688202,-0.0469479265554411,0
2019-09-03,-0.010479930879634995,0.1111111111111111,0.0,9,0.0020197718552174295,0.014872317240343838,-0.8404677316151333,1
2019-09-04,0.013078540156251638,0.8888888888888888,0.1111111111111111,9,0.0012176676109601084,0.014132285294491724,0.8392749154246473,0
2019-09-05,0.026497714016260825,1.0,0.0,9,0.0013446044154288436,0.01420328678956018,1.7709358385497245,0
2019-09-06,-0.0029005704348750902,0.1111111111111111,0.0,9,0.0015321524675055854,0.014457970170611253,-0.3065937230518763,1
2019-09-09,0.005081940989123845,0.5555555555555556,0.0,9,0.0012075663616859123,0.014321500172994897,0.27052854663532977,0
2019-09-10,0.0007594725896433853,0.5555555555555556,0.1111111111111111,9,0.0010559530190123393,0.014227323499075252,-0.020838805653658237,0
2019-09-11,0.014414063845647905,1.0,0.0,9,0.0009910148737195675,0.014219058413946013,0.9440181326467475,0
2019-09-12,0.004073966561969542,0.6666666666666666,0.0,9,0.0014203987951927977,0.014209320729312322,0.18674838982997374,0
2019-09-13,-0.0031764263251275026,0.2222222222222222,0.0,9,0.0013625046386921164,0.014190652451000438,-0.3198535782263926,1
2019-09-16,-0.006174419659374486,0.2222222222222222,0.0,9,0.0014118656752677334,0.014169010026692583,-0.535413929438305,1
2019-09-17,0.0050791104076522,0.7777777777777778,0.0,9,0.001117669183945793,0.014130389705663523,0.2803490424696952,0
2019-09-18,-0.002477948131335851,0.3333333333333333,0.0,9,0.0008945789147397354,0.013951174825338265,-0.24173785278286158,0
2019-09-19,-0.0005886812915241303,0.5555555555555556,0.0,9,0.000804675988824903,0.013954419879720693,-0.09985060592693892,0
2019-09-20,-0.019889890966894124,0.0,0.4444444444444444,9,0.0007548806154925412,0.013953694320494096,-1.4795201262267326,1
2019-09-23,0.0002818563087783055,0.6666666666666666,0.1111111111111111,9,0.00041397631059576177,0.01419333028692784,-0.009308597710795173,0
2019-09-24,-0.02446053102623866,0.0,0.4444444444444444,9,0.00038125852906374495,0.014191187245294744,-1.7505081939877156,1
2019-09-25,0.02229544802729206,1.0,0.1111111111111111,9,0.00030867571625355983,0.01430774357815851,1.5367043860502512,0
2019-09-26,0.0024023592461128234,0.2222222222222222,0.1111111111111111,9,0.00045662692396470283,0.014487887089811339,0.13430062714365465,1
2019-09-27,-0.009836763005539052,0.0,0.0,9,0.0004016415876826067,0.014473590776053329,-0.7073852474923625,1
2019-09-30,0.009433554474409238,0.7777777777777778,0.0,9,0.0002434782835455611,0.014530964302704725,0.6324477852549043,0
2019-10-01,-0.0026884120343230794,0.3333333333333333,0.0,9,0.00016810873614289906,0.014469687487401855,-0.19741413026045174,0
2019-10-02,-0.01563894486646637,0.0,0.1111111111111111,9,0.00012078147672177819,0.014474147153511087,-1.0888189940341464,1
2019-10-03,0.007503893430286025,0.8888888888888888,0.1111111111111111,9,-0.0003186083441557438,0.014526468563320656,0.5384998935111862,0
2019-10-04,0.012784354824547848,0.8888888888888888,0.0,9,-0.0001457571361880189,0.01455414579582245,0.8884143488824512,0
2019-10-07,0.002675976807161276,0.4444444444444444,0.0,9,0.00020737377955733967,0.014594275555067194,0.16914871987234933,0
2019-10-08,-0.014206896041823089,0.1111111111111111,0.0,9,0.00017827900923047337,0.01458738719035524,-0.9861378781091534,1
2019-10-09,0.011332628899291368,0.8888888888888888,0.0,9,-0.0002728116174386041,0.014585824642866127,0.7956657097482761,0
2019-10-10,0.011878031014701394,0.8888888888888888,0.1111111111111111,9,-0.00014995307536040174,0.014651358935376722,0.8209466536936306,0
2019-10-11,0.012504052205866367,1.0,0.0,9,-8.306424057942243e-05,0.014697155686981862,0.8564321365660528,0
2019-10-14,0.004651861014964497,0.5555555555555556,0.0,9,4.381195415527961e-05,0.01477176533860612,0.3119497876645824,0
2019-10-15,0.014913977025432746,0.7777777777777778,0.1111111111111111,9,0.00020726200663871922,0.01476476625880184,0.9960682587864738,0
2019-10-16,-0.000984174732027005,0.4444444444444444,0.0,9,0.00046308444483896064,0.014879121577024918,-0.09726778354312939,0
2019-10-17,0.004149024080940706,0.7777777777777778,0.1111111111111111,9,0.0006009841808965294,0.014823831902771575,0.23934701387033458,0
2019-10-18,-0.017165049182051615,0.1111111111111111,0.1111111111111111,9,0.0007684881922051647,0.01480301107044114,-1.2114790219988905,1
2019-10-21,0.010008789256052333,0.7777777777777778,0.0,9,0.0003615360883321684,0.014939569851218106,0.6457517360805117,0
2019-10-22,-0.008417904082337509,0.1111111111111111,0.0,9,0.0003920254691806198,0.0149575418802494,-0.5889958137540734,1
2019-10-23,0.0042629199281507425,0.5555555555555556,0.0,9,7.356318834263766e-05,0.014927637712750038,0.28064432031532216,0
2019-10-24,0.02658423488765376,1.0,0.1111111111111111,9,0.0004784818717284428,0.01468397606674321,1.7778395236594369,0
2019-10-25,0.028186364092639735,0.8888888888888888,0.3333333333333333,9,0.0006772644675196766,0.014953112463693964,1.839690545490909,0
2019-10-28,0.011796829448355398,0.8888888888888888,0.1111111111111111,9,0.0010781389216730176,0.01534783339270013,0.6983846027270858,0
2019-10-29,-0.0148714489991313,0.0,0.0,9,0.0013297590539125047,0.015392196090404804,-1.0525598789079436,1
2019-10-30,0.007179630636375833,0.7777777777777778,0.0,9,0.00130447245909721,0.01541786885807516,0.3810616260496657,0
2019-10-31,-0.0015582270849412438,0.2222222222222222,0.1111111111111111,9,0.0016143803495050884,0.015335091891147198,-0.20688545311409892,1
2019-11-01,0.006573845008339364,0.6666666666666666,0.0,9,0.0017898560075345128,0.015232570360500656,0.3140631480823578,0
2019-11-04,0.01471484907183592,1.0,0.0,9,0.0025097694669965706,0.014329193826760794,0.8517631733088494,0
2019-11-05,-0.002697219942006409,0.2222222222222222,0.0,9,0.0025418499971465126,0.014354601647041563,-0.3649749444794016,1
2019-11-06,0.002240318497448336,0.4444444444444444,0.0,9,0.0024541987501001863,0.014369697203781987,-0.014884116875862835,0
2019-11-07,0.007385665252049595,0.8888888888888888,0.0,9,0.0021103081719336557,0.014104854159674302,0.37401004082680667,0
2019-11-08,0.0035076358277954275,0.7777777777777778,0.0,9,0.002476499903617967,0.013933851598080284,0.07400221804569268,0
2019-11-11,0.0030308082140657363,0.6666666666666666,0.0,9,0.0027049365907797487,0.013828858164522674,0.023564608112186507,0
2019-11-12,0.002472061859823022,0.5555555555555556,0.0,9,0.0023749910188417757,0.013562416192521505,0.007157341258615295,0
2019-11-13,-0.0061126939591932515,0.3333333333333333,0.0,9,0.0029736663325862387,0.01267867837113456,-0.7166646259018867,0
2019-11-14,0.005006404956778929,0.6666666666666666,0.1111111111111111,9,0.0029440839610865247,0.012697961940260814,0.1624135436375426,0
2019-11-15,0.004977669980979716,0.7777777777777778,0.1111111111111111,9,0.0026541160882201232,0.012432012389490038,0.18690086688812457,0
2019-11-18,0.007723421660621417,0.7777777777777778,0.0,9,0.002342451070197199,0.012114714894229165,0.4441681572702499,0
2019-11-19,0.00025205946131502525,0.6666666666666666,0.0,9,0.0026527878069548343,0.011995700322702548,-0.2001324041995525,0
2019-11-20,-0.0039901447393058615,0.2222222222222222,0.1111111111111111,9,0.0025587848670816727,0.011990863028005942,-0.546159987908444,1
2019-11-21,0.0016038868318629046,0.3333333333333333,0.0,9,0.002539763522679474,0.012000434325265109,-0.0779869015945716,0
2019-11-22,-0.007835324500841616,0.4444444444444444,0.0,9,0.003148240833401423,0.010898407683634596,-1.0078137699635075,0
2019-11-25,0.017966973824163186,1.0,0.0,9,0.002782500490453114,0.01087382342806904,1.396424489891364,0
2019-11-26,-0.00346766390560185,0.5555555555555556,0.0,9,0.003156267347485759,0.010985850271587418,-0.6029511680328477,0
2019-11-27,0.0057464986700806525,0.7777777777777778,0.0,9,0.0030662394466676266,0.011016974731242619,0.24328450312336478,0
2019-11-29,-0.005736920327282051,0.0,0.0,9,0.002829210548187394,0.010790224889774113,-0.7938788081782763,1
2019-12-02,-0.010822872480858805,0.1111111111111111,0.0,9,0.0027247064630927763,0.010841494258205074,-1.2496044015056766,1
2019-12-03,-0.008088438030498869,0.2222222222222222,0.0,9,0.002719262945613033,0.010848315196694802,-0.9962561725165144,1
2019-12-04,0.002567264020663799,0.5555555555555556,0.0,9,0.002383279164870962,0.010850084328740347,0.016956997772403216,0
2019-12-05,-0.00035309896182237715,0.5555555555555556,0.0,9,0.0020034307522424372,0.010401881339689723,-0.22654841341759693,0
2019-12-06,0.013210371722082245,1.0,0.0,9,0.0020438668073702584,0.01038745163418901,1.0749994616541771,0
2019-12-09,-0.0032760144560544224,0.2222222222222222,0.0,9,0.0021728895174172166,0.010475901358692197,-0.5201370065355289,1
2019-12-10,0.00039269343494100867,0.4444444444444444,0.0,9,0.0021088341674855055,0.010496999485062218,-0.16348869360112434,0
2019-12-11,0.008794386088453128,1.0,0.0,9,0.00188627273239492,0.01037988107723193,0.6655291428348848,0
2019-12-12,0.009720489813234071,0.8888888888888888,0.0,9,0.001961200026466088,0.010412912324322574,0.7451603879006803,0
2019-12-13,0.0027641393984070037,0.6666666666666666,0.0,9,0.002165912981043256,0.010437025653311442,0.057317710738206656,0
2019-12-16,0.015091759299621612,0.8888888888888888,0.1111111111111111,9,0.0023077948708493112,0.010382430712421908,1.2313074638174193,0
2019-12-17,0.004719284601907662,0.5555555555555556,0.0,9,0.0024667258056424762,0.010501489926514436,0.2144989722437258,0
2019-12-18,0.005300566835694538,0.4444444444444444,0.0,9,0.0025809675950590407,0.010485967595757956,0.2593560599725387,0
2019-12-19,0.014105453029602557,1.0,0.0,9,0.002674447724062511,0.010483505505413751,1.0903800546140792,0
2019-12-20,0.00637934467353285,0.6666666666666666,0.5555555555555556,9,0.003214056358927538,0.010173665686352945,0.31112564656525526,0
2019-12-23,0.005215529816274995,0.5555555555555556,0.0,9,0.0033108418885268165,0.010174324469289496,0.18720534552415236,0
2019-12-24,0.0012734230014287047,0.5555555555555556,0.0,9,0.00378189047332862,0.009534695790996544,-0.26308835928133334,0
2019-12-26,0.012856188109046453,0.8888888888888888,0.1111111111111111,9,0.003448207536410154,0.00923961682452218,1.0182219405102684,0
2019-12-27,-0.0024316086683538155,0.3333333333333333,0.0,9,0.0036141413278852914,0.009314101205333174,-0.6490964466627615,0
2019-12-30,-0.01259701801642167,0.1111111111111111,0.0,9,0.0037316834602215652,0.009187480687990877,-1.7772773659254353,1
2019-12-31,0.004045239224701421,0.8888888888888888,0.0,9,0.0033819918333829794,0.009384114011518584,0.07067767830871774,0
2020-01-02,0.021220561270644842,1.0,0.1111111111111111,9,0.003488875186700828,0.009352151138772502,1.8960008046096817,0
2020-01-03,-0.006566138747307789,0.1111111111111111,0.0,9,0.0040739467126867214,0.009288965931790653,-1.1454542451899594,1
2020-01-06,0.012180559513766929,0.8888888888888888,0.3333333333333333,9,0.00385061286859793,0.009373923706665345,0.8886296609440053,0
2020-01-07,0.0005882670321992004,0.3333333333333333,0.0,9,0.003841028816045852,0.00936494674716581,-0.34733371920465655,0
2020-01-08,0.012925398054799852,0.8888888888888888,0.1111111111111111,9,0.0038078905656496282,0.009372826233817874,0.9727596844005877,0
2020-01-09,0.004614093463802754,0.7777777777777778,0.0,9,0.004238561900516659,0.009152474850186783,0.04103060313554767,0
2020-01-10,-0.003879672767257758,0.3333333333333333,0.0,9,0.004131918480905729,0.009107513819725995,-0.879668305395393,0
2020-01-13,0.025228895146275403,1.0,0.1111111111111111,9,0.003881796198652409,0.009107728087384493,2.343844561761981,0
2020-01-14,-0.00441451805278919,0.1111111111111111,0.0,9,0.004083777832627156,0.009437168474764833,-0.9005133169065435,1
2020-01-15,-0.005054578952059864,0.4444444444444444,0.0,9,0.0039398670537739225,0.009497302496217538,-0.9470527035877795,0
2020-01-16,0.007945221516316504,0.7777777777777778,0.0,9,0.003622905847781976,0.009458280638427935,0.45698746249645456,0
2020-01-17,0.0036112524716736846,0.6666666666666666,0.0,9,0.003764642296168381,0.009455032883845596,-0.016223087363003322,0
2020-01-21,0.009280125267992082,0.4444444444444444,0.2222222222222222,9,0.0037561062388784283,0.00945492301565171,0.5842479119046422,0
2020-01-22,0.005544640833978616,0.6666666666666666,0.3333333333333333,9,0.004175870912688647,0.009091155383152182,0.15056061233169407,0
2020-01-23,0.012293647158795674,0.8888888888888888,0.1111111111111111,9,0.0041050114139255705,0.0090623101553559,0.9035925282286383,0
2020-01-24,0.002576166337759712,0.2222222222222222,0.7777777777777778,9,0.004433766195530859,0.008975953694631408,-0.20695292344056912,1
2020-01-27,-0.025661338341253812,0.0,0.6666666666666666,9,0.004406992329016716,0.008978986670514708,-3.3487443264627212,1
2020-01-28,0.019927893423696188,1.0,0.0,9,0.0035776975158594536,0.009304459509981046,1.7572429532631757,0
2020-01-29,0.0033449247550585794,0.6666666666666666,0.2222222222222222,9,0.0034466106798444764,0.009005539333552094,-0.011291486386278271,0
2020-01-30,0.017220210631058004,0.7777777777777778,0.3333333333333333,9,0.0033124534624905584,0.008941867905096296,1.5553525634885423,0
2020-01-31,-0.009409991917314089,0.2222222222222222,0.5555555555555556,9,0.003821844885191976,0.00880227086330938,-1.503229906007608,1
2020-02-03,0.036642476213927404,0.7777777777777778,0.5555555555555556,9,0.003558517543069914,0.008947153597265224,3.6977076911890605,1
2020-02-04,0.03320790946102633,0.8888888888888888,0.4444444444444444,9,0.004164877912893225,0.00984427164177414,2.9502468648761253,1
2020-02-05,-0.013407752126074491,0.6666666666666666,0.3333333333333333,9,0.0045876408407136545,0.010499489297647371,-1.7139303119076836,0
2020-02-06,0.010443916475665152,0.8888888888888888,0.1111111111111111,9,0.004141250345508726,0.010658598861879878,0.5913222002094197,0
2020-02-07,-0.0031412015226689955,0.3333333333333333,0.1111111111111111,9,0.0043498398124558945,0.010651194892183805,-0.7033052545702699,0
2020-02-10,0.020314552433728976,1.0,0.2222222222222222,9,0.004264418859755618,0.010689894978721949,1.5014304262035192,0
2020-02-11,0.0028399933671681143,0.7777777777777778,0.2222222222222222,9,0.004469639291210847,0.010873310269597408,-0.14987578608874477,0
2020-02-12,0.007862391115592825,0.8888888888888888,0.0,9,0.004459041791835811,0.010874588272077972,0.31296351076533074,0
2020-02-13,0.0025323867083627055,0.2222222222222222,0.0,9,0.0045357335839235425,0.010881388326183744,-0.18410765386804637,1
2020-02-14,0.007634719270892802,0.5555555555555556,0.1111111111111111,9,0.00453669112120195,0.010881206451491343,0.28471366327823383,0
2020-02-18,0.011264998742777445,0.7777777777777778,0.1111111111111111,9,0.004754904029616015,0.01080175392783146,0.6026886704378374,0
2020-02-19,0.01976049808375455,0.8888888888888888,0.1111111111111111,9,0.004854246788123927,0.01083283939885589,1.376024396448169,0
2020-02-20,-0.01242160725107803,0.0,0.4444444444444444,9,0.005088894853247337,0.010994454406918108,-1.59266676237314,1
2020-02-21,-0.022226731035605192,0.1111111111111111,0.5555555555555556,9,0.004769132489569568,0.011207480975169904,-2.4087360562988156,1
2020-02-24,-0.047635001145671464,0.0,0.6666666666666666,9,0.004412326291205755,0.011700582543459771,-4.448268045078653,1
2020-02-25,-0.02859190063255168,0.0,0.8888888888888888,9,0.003719550792692015,0.013377949998363345,-2.4152767374072015,1
2020-02-26,0.009644396382103175,0.7777777777777778,0.5555555555555556,9,0.0032402525789711496,0.013982242732824784,0.4580197844869067,0
2020-02-27,-0.061784117830821245,0.0,1.0,9,0.0035177084660020187,0.013932259926443424,-4.687095032793669,1
2020-02-28,0.009197463149513677,0.4444444444444444,0.8888888888888888,9,0.002251818122272107,0.01605900352644986,0.4325078461936818,0
2020-03-02,0.05565644771225823,1.0,0.6666666666666666,9,0.0024528518850517192,0.016065522207864544,3.3116630221432697,1
2020-03-03,-0.030623576670000954,0.1111111111111111,0.8888888888888888,9,0.003245073298419617,0.017405272192427792,-1.9458845339491568,1
2020-03-04,0.039685249042205745,1.0,0.1111111111111111,9,0.0028500470072653486,0.017888126970311884,2.059198377564857,0
2020-03-05,-0.032583058175248064,0.0,0.2222222222222222,9,0.0036517632219171666,0.018390243541074266,-1.9703285231778163,1
2020-03-06,-0.01905740684540442,0.0,0.0,9,0.0032629597275560685,0.018894474327651466,-1.1813171505012623,1
2020-03-09,-0.07702092274742846,0.0,1.0,9,0.002919710983650224,0.019102594004588185,-4.184805148027436,1
2020-03-10,0.059104048595317815,1.0,0.6666666666666666,9,0.0017027613997517143,0.02159407655405534,2.6581959664668418,1
2020-03-11,-0.040740125587714254,0.0,0.1111111111111111,9,0.0024312324612316438,0.022732635087971863,-1.8990916751128615,1
2020-03-12,-0.10029316700140574,0.0,0.8888888888888888,9,0.0018365640305703771,0.023365546058833037,-4.3709541722166305,1
2020-03-13,0.0949199253348735,0.8888888888888888,1.0,9,0.00023837576967598398,0.026674956323415953,3.5494547176477904,1
2020-03-16,-0.1364407561752026,0.0,1.0,9,0.0016054478212064662,0.029207255776313636,-4.726435275318167,1
2020-03-17,0.06442776759077834,0.8888888888888888,0.8888888888888888,9,-0.0007145719563877666,0.03396909376344944,1.9176943606678996,0
2020-03-18,-0.044258319552646204,0.1111111111111111,0.3333333333333333,9,0.0002642157926974927,0.03494530885817258,-1.2740632949057857,1
2020-03-19,0.03474779995570535,0.7777777777777778,0.4444444444444444,9,-0.0006778489509892979,0.03533692996146149,1.002510657981039,0
2020-03-20,-0.025775684964893218,0.1111111111111111,0.3333333333333333,9,-0.00020120585013536636,0.03561235039699028,-0.7181351084571839,1
2020-03-23,0.0223187077378849,0.6666666666666666,0.0,9,-0.000694479688239934,0.035749871289364944,0.6437278400208092,0
2020-03-24,0.08258888377194229,0.8888888888888888,0.3333333333333333,9,-0.0005641105658862461,0.035819620335119644,2.321437066051214,0
2020-03-25,-0.009509084768079398,0.1111111111111111,0.0,9,0.0006455646578980307,0.03731358452024198,-0.27214349831409806,1
2020-03-26,0.04786859530647802,0.8888888888888888,0.0,9,0.0004118406168765325,0.03733060955220856,1.2712558208627978,0
2020-03-27,-0.03415242503939491,0.0,0.0,9,0.0011514465264804898,0.03780650067163168,-0.933804264840778,1
2020-03-30,0.0363070331257788,0.8888888888888888,0.0,9,0.0004052780638068174,0.03803496663630361,0.9439144617969635,0
2020-03-31,0.0004112467704335327,0.3333333333333333,0.0,9,0.0010201771399041605,0.038300574056736265,-0.015898726963428624,0
2020-04-01,-0.048261403113099094,0.0,0.0,9,0.0012266575333463065,0.03826102269414609,-1.2934327720941197,1
